# sampling rate,tg rate (%),rx rate (pps),tx rate (pps)
1024,2.1484375,1261580,1231
2048,4.6875,2751897,1342
4096,9.375,5508761,1343
8192,18.75,11036876,1346
16384,37.890625,22237478,1356
32768,75.390625,44662707,1361
65536,100.0,49404147,753
