# sampling rate,tg rate (%),rx rate (pps),tx rate (pps)
1024,2.34375,1369523,1335
2048,4.8828125,2854310,1392
4096,9.5703125,5593113,1364
8192,25.0,7321446,892
16384,40.0390625,23482099,1431
32768,79.6875,46557004,1419
65536,100.0,49387967,752
