# sampling rate,tg rate (%),rx rate (bps),rx rate (pps),tx rate (pps)
1024,7.2265625,6978253641,1882585,1838
2048,14.84375,14329212472,3870732,1890
