# sampling rate,tg rate (%),rx rate (bps),rx rate (pps),tx rate (pps)
1024,7.421875,7161150560,1934655,1889
2048,14.453125,13979431312,3770495,1841
4096,37.5,27142281337,7333324,1790
8192,60.546875,58636490956,15838835,1933
16384,100.0,91280709582,24555379,1498
32768,100.0,91281459057,24555353,749
65536,100.0,72984686074,19670335,300
