# sampling rate,tg rate (%),rx rate (pps),tx rate (pps)
1024,2.1484375,1508441,1472
2048,6.25,2194521,1070
4096,9.1796875,6447590,1573
8192,18.5546875,13063948,1593
16384,37.890625,26722278,1630
32768,100.0,50283724,1533
65536,100.0,50251494,766
