# sampling rate,tg rate (%),rx rate (pps),tx rate (pps)
1024,2.34375,1395737,1361
2048,4.6875,2791449,1361
4096,9.5703125,5702822,1391
8192,19.53125,11655270,1421
16384,37.5,22408601,1366
32768,79.1015625,47207641,1439
65536,100.0,49668620,757
