# sampling rate,tg rate (%),rx rate (pps),tx rate (pps)
1024,2.1484375,1542796,1506
2048,4.296875,3087372,1507
4096,8.7890625,6321663,1543
8192,17.7734375,12778662,1559
16384,35.9375,26005964,1587
32768,100.0,50420825,1538
65536,100.0,50312127,767
