# sampling rate,tg rate (%),rx rate (pps),tx rate (pps)
1024,3.125,1162201,1134
2048,3.90625,2905702,1418
4096,7.8125,5816550,1419
8192,16.015625,11941670,1457
16384,25.0,18674534,1139
32768,65.625,48343321,1474
65536,100.0,26529126,404
