# sampling rate,tg rate (%),rx rate (pps),tx rate (pps)
1024,2.1484375,1533875,1496
2048,4.296875,3067635,1496
4096,8.59375,6134873,1496
8192,17.3828125,12451916,1518
16384,34.9609375,25114086,1531
32768,100.0,50129702,1528
65536,100.0,50172774,765
