# sampling rate,tg rate (%),rx rate (pps),tx rate (pps)
1024,2.1484375,1221452,1191
2048,4.296875,2442815,1191
4096,8.7890625,4998156,1218
8192,17.7734375,10118169,1233
16384,35.7421875,20372403,1242
32768,71.484375,40979942,1249
65536,100.0,49139865,748
